,time (s),mean_local,std_local,collision_flag
0,149.25,0.9467273457368491,2.605781014841814,Timeout
