,time (s),mean_local,std_local,collision_flag
0,149.25,1.3287170107133526,2.930225695885462,Timeout
