,time (s),mean_local,std_local,collision_flag
0,149.25,1.0134932533733134,2.814046625746191,Timeout
