,time (s),mean_local,std_local,collision_flag
0,149.25,1.0673438675696012,3.0800057561842813,Timeout
