,time (s),mean_local,std_local,collision_flag
0,149.25,1.1386461610159617,2.7530926139057295,Timeout
