,time (s),mean_local,std_local,collision_flag
0,149.25,1.1264124293785311,2.731947962848106,Timeout
