,time (s),mean_local,std_local,collision_flag
0,149.25,1.0820778052619744,2.6820231621862294,Timeout
