,time (s),mean_local,std_local,collision_flag
0,149.25,0.8884792626728111,2.8175725720695675,Timeout
