,time (s),mean_local,std_local,collision_flag
0,149.25,1.1521153327943952,2.7215929924900792,Timeout
