,time (s),mean_local,std_local,collision_flag
0,149.25,1.2083116432413674,2.7885583970512755,Timeout
