,time (s),mean_local,std_local,collision_flag
0,149.25,1.2343997024086302,2.798408223363489,Timeout
