,time (s),mean_local,std_local,collision_flag
0,149.25,1.101268115942029,2.7742472253287516,Timeout
