,time (s),mean_local,std_local,collision_flag
0,149.25,1.1856634849335579,2.773393744537466,Timeout
