,time (s),mean_local,std_local,collision_flag
0,149.25,1.0915413726091847,2.622532992250009,Timeout
