,time (s),mean_local,std_local,collision_flag
0,149.25,1.1088832034271434,2.6236397761280412,Timeout
