,time (s),mean_local,std_local,collision_flag
0,149.25,1.2028950542822678,2.731046771455338,Timeout
