,time (s),mean_local,std_local,collision_flag
0,149.25,3.9845945945945944,3.9074468712783124,Timeout
