,time (s),mean_local,std_local,collision_flag
0,149.25,3.1173222912353347,3.6861008789477205,Timeout
