,time (s),mean_local,std_local,collision_flag
0,149.25,0.9240393208221627,2.5566346444177612,Timeout
