,time (s),mean_local,std_local,collision_flag
0,149.25,1.0727668845315903,2.6796536642767834,Timeout
