,time (s),mean_local,std_local,collision_flag
0,149.25,1.1538398086282273,2.732183423668972,Timeout
