,time (s),mean_local,std_local,collision_flag
0,149.25,1.7245590230664858,3.5719177358451546,Timeout
