,time (s),mean_local,std_local,collision_flag
0,149.25,1.0853831935162803,2.6976992106572304,Timeout
