,time (s),mean_local,std_local,collision_flag
0,149.25,0.7715472481827622,2.620064047357162,Timeout
