,time (s),mean_local,std_local,collision_flag
0,149.25,1.0029426189308484,2.6571868558186127,Timeout
