,time (s),mean_local,std_local,collision_flag
0,149.25,1.1255301541326161,2.662513839976541,Timeout
