,time (s),mean_local,std_local,collision_flag
0,149.25,1.1353438556933484,2.638989158165577,Timeout
