,time (s),mean_local,std_local,collision_flag
0,149.25,0.8772493573264781,2.710885412111351,Timeout
