,time (s),mean_local,std_local,collision_flag
0,149.25,0.6966943443521855,2.466956419405624,Timeout
