,time (s),mean_local,std_local,collision_flag
0,149.25,0.7816463365376848,2.6493485207556584,Timeout
