,time (s),mean_local,std_local,collision_flag
0,149.25,0.7321805392731536,2.522725931308866,Timeout
