,time (s),mean_local,std_local,collision_flag
0,149.25,0.785412416205188,2.6915002653993967,Timeout
