,time (s),mean_local,std_local,collision_flag
0,149.25,0.7188198480107286,2.7195987046198944,Timeout
