,time (s),mean_local,std_local,collision_flag
0,149.25,0.6724598345226108,2.481215551403091,Timeout
