,time (s),mean_local,std_local,collision_flag
0,149.25,0.9786926213336841,3.2097638962982544,Timeout
