,time (s),mean_local,std_local,collision_flag
0,149.25,0.7011364835860807,2.4212406809497553,Timeout
