,time (s),mean_local,std_local,collision_flag
0,149.25,0.724662727171368,2.5160329817142917,Timeout
