,time (s),mean_local,std_local,collision_flag
0,149.25,0.7231218799464264,2.4767610798888793,Timeout
