,time (s),mean_local,std_local,collision_flag
0,149.25,0.6899855262251017,2.400383565981387,Timeout
