,time (s),mean_local,std_local,collision_flag
0,149.25,0.6856963049536995,2.507924943004576,Timeout
