,time (s),mean_local,std_local,collision_flag
0,149.25,0.9348516949152542,3.6862509920392954,Timeout
