,time (s),mean_local,std_local,collision_flag
0,149.25,0.7017859357559221,2.5425669007057987,Timeout
