,time (s),mean_local,std_local,collision_flag
0,149.25,0.7241934445231503,2.5846941772945895,Timeout
