,time (s),mean_local,std_local,collision_flag
0,149.25,0.7013256963370132,2.5381451478149835,Timeout
