,time (s),mean_local,std_local,collision_flag
0,149.25,0.7336557406412323,2.521456532422924,Timeout
