,time (s),mean_local,std_local,collision_flag
0,149.25,0.8951212386795209,3.0857521534502603,Timeout
