,time (s),mean_local,std_local,collision_flag
0,149.25,0.7025583145221972,2.422542940334744,Timeout
