,time (s),mean_local,std_local,collision_flag
0,149.25,0.9237942122186495,3.1465256309262486,Timeout
