,time (s),mean_local,std_local,collision_flag
0,149.25,0.7526183553058747,2.6060933868158442,Timeout
