,time (s),mean_local,std_local,collision_flag
0,149.25,0.8249946774536938,2.9313755580459717,Timeout
