,time (s),mean_local,std_local,collision_flag
0,149.25,0.6638881419736489,2.9492371064293987,Timeout
