,time (s),mean_local,std_local,collision_flag
0,149.25,0.7456740442655936,3.2559041554701804,Timeout
