,time (s),mean_local,std_local,collision_flag
0,149.25,0.7573578042328042,2.5203839156552306,Timeout
