,time (s),mean_local,std_local,collision_flag
0,149.25,0.8696146413550074,3.0142220577371774,Timeout
