,time (s),mean_local,std_local,collision_flag
0,149.25,0.7336536971012246,2.4953021674522406,Timeout
