,time (s),mean_local,std_local,collision_flag
0,149.25,0.6850760922925871,2.471802324632725,Timeout
