,time (s),mean_local,std_local,collision_flag
0,149.25,0.9005207398096606,3.060733433741813,Timeout
