,time (s),mean_local,std_local,collision_flag
0,149.25,0.6911390256323204,2.660834832522435,Timeout
