,time (s),mean_local,std_local,collision_flag
0,149.25,0.7144286648962783,2.444307590856675,Timeout
