,time (s),mean_local,std_local,collision_flag
0,149.25,0.7452857390000577,2.5529164375645363,Timeout
