,time (s),mean_local,std_local,collision_flag
0,149.25,0.7935139259824494,2.6930641153090082,Timeout
