,time (s),mean_local,std_local,collision_flag
0,149.25,0.6929862461294736,2.3839455297137375,Timeout
