,time (s),mean_local,std_local,collision_flag
0,149.25,0.6804922515952598,2.4357979802589895,Timeout
