,time (s),mean_local,std_local,collision_flag
0,149.25,0.7401366832843607,2.508565114708628,Timeout
