,time (s),mean_local,std_local,collision_flag
0,149.25,0.7456469327618538,2.6264175314930593,Timeout
