,time (s),mean_local,std_local,collision_flag
0,149.25,0.7491499811106913,2.7838269210211877,Timeout
