,time (s),mean_local,std_local,collision_flag
0,149.25,0.8146964856230032,3.4341139535400096,Timeout
