,time (s),mean_local,std_local,collision_flag
0,149.25,0.7699337286362051,2.6707635848307603,Timeout
