,time (s),mean_local,std_local,collision_flag
0,149.25,0.6903631747433492,2.399845806114481,Timeout
