,time (s),mean_local,std_local,collision_flag
0,149.25,0.7148016386373437,2.5003451192362203,Timeout
