,time (s),mean_local,std_local,collision_flag
0,149.25,0.7438403817957048,2.561244855940292,Timeout
