,time (s),mean_local,std_local,collision_flag
0,149.25,0.9203658536585366,3.106935571691004,Timeout
