,time (s),mean_local,std_local,collision_flag
0,149.25,0.7285177750437091,2.487686580321353,Timeout
