,time (s),mean_local,std_local,collision_flag
0,149.25,0.6533333333333333,2.9682876062018173,Timeout
