,time (s),mean_local,std_local,collision_flag
0,149.25,0.7639333760409993,3.190363196885337,Timeout
