,time (s),mean_local,std_local,collision_flag
0,149.25,0.7451513045675658,2.515376182448082,Timeout
