,time (s),mean_local,std_local,collision_flag
0,149.25,0.7282360356101788,2.4690321838220055,Timeout
