,time (s),mean_local,std_local,collision_flag
0,149.25,0.7501279863481228,2.511335220779581,Timeout
