,time (s),mean_local,std_local,collision_flag
0,149.25,1.4412213740458015,4.614528504344268,Timeout
