,time (s),mean_local,std_local,collision_flag
0,149.25,0.7486694970998027,2.5326978238306914,Timeout
