,time (s),mean_local,std_local,collision_flag
0,149.25,0.7375943905070119,2.479075286829322,Timeout
