,time (s),mean_local,std_local,collision_flag
0,149.25,0.7860074066659994,2.855939273473017,Timeout
