,time (s),mean_local,std_local,collision_flag
0,149.25,0.7178415352460574,2.5694049981330322,Timeout
