,time (s),mean_local,std_local,collision_flag
0,149.25,0.5889712696941612,2.758374015362631,Timeout
