,time (s),mean_local,std_local,collision_flag
0,149.25,0.7424260760821332,2.494047862136045,Timeout
