,time (s),mean_local,std_local,collision_flag
0,149.25,2.4174164524421595,2.561378667332713,Timeout
