,time (s),mean_local,std_local,collision_flag
0,149.25,2.3726339428938084,2.5657029182379527,Timeout
