,time (s),mean_local,std_local,collision_flag
0,149.25,0.8862019914651493,1.736109743155809,Timeout
